"NUM","USER_ID","TITLE","REGDATE","MODDATE","READ_CNT"
15,"qwe","asdasd",19/04/05,19/04/05,0
1,"qwe","asdsadas",19/04/03,19/04/03,0
10,"qwe","qeqeeq",19/04/05,19/04/05,0
11,"qwe","asdsadas",19/04/05,19/04/05,0
4,"qwe","asdasd",19/04/05,19/04/05,0
7,"qwe","qweqwewq",19/04/05,19/04/05,0
12,"qwe","asasdas",19/04/05,19/04/05,0
8,"qwe","1",19/04/05,19/04/05,0
2,"qwe","aaaaaaaaaaaaa",19/04/03,19/04/03,0
5,"qwe","qqqq",19/04/05,19/04/05,0
13,"qwe","zxczxc",19/04/05,19/04/05,0
9,"qwe","qweqwewqqq",19/04/05,19/04/05,0
3,"qwe","zxc",19/04/05,19/04/05,0
6,"qwe","zxczxc",19/04/05,19/04/05,0
14,"qwe","asdasdas",19/04/05,19/04/05,0
